-- phpMyAdmin SQL Dump
-- version 4.7.4
-- https://www.phpmyadmin.net/
--
-- Î¦Î¹Î»Î¿Î¾ÎµÎ½Î·Ï„Î®Ï‚: 127.0.0.1
-- Î§ÏÏŒÎ½Î¿Ï‚ Î´Î·Î¼Î¹Î¿Ï…ÏÎ³Î¯Î±Ï‚: 20 Î¦ÎµÎ² 2018 ÏƒÏ„Î¹Ï‚ 20:00:34
-- ÎˆÎºÎ´Î¿ÏƒÎ· Î´Î¹Î±ÎºÎ¿Î¼Î¹ÏƒÏ„Î®: 10.1.30-MariaDB
-- ÎˆÎºÎ´Î¿ÏƒÎ· PHP: 7.2.1

SET SQL_MODE = "NO_AUTO_VALUE_ON_ZERO";
SET AUTOCOMMIT = 0;
START TRANSACTION;
SET time_zone = "+00:00";


/*!40101 SET @OLD_CHARACTER_SET_CLIENT=@@CHARACTER_SET_CLIENT */;
/*!40101 SET @OLD_CHARACTER_SET_RESULTS=@@CHARACTER_SET_RESULTS */;
/*!40101 SET @OLD_COLLATION_CONNECTION=@@COLLATION_CONNECTION */;
/*!40101 SET NAMES utf8mb4 */;

--
-- Î’Î¬ÏƒÎ· Î´ÎµÎ´Î¿Î¼Î­Î½Ï‰Î½: `delivery`
--

-- --------------------------------------------------------

--
-- Î”Î¿Î¼Î® Ï€Î¯Î½Î±ÎºÎ± Î³Î¹Î± Ï„Î¿Î½ Ï€Î¯Î½Î±ÎºÎ± `customer`
--

CREATE TABLE `customer` (
  `password` varchar(40) NOT NULL,
  `phone_number` double NOT NULL,
  `email` varchar(50) NOT NULL,
  `Address` text NOT NULL,
  `Address_number` int(10) NOT NULL,
  `City` text NOT NULL
) ENGINE=InnoDB DEFAULT CHARSET=utf8;

--
-- Î†Î´ÎµÎ¹Î±ÏƒÎ¼Î± Î´ÎµÎ´Î¿Î¼Î­Î½Ï‰Î½ Ï„Î¿Ï… Ï€Î¯Î½Î±ÎºÎ± `customer`
--

INSERT INTO `customer` (`password`, `phone_number`, `email`, `Address`, `Address_number`, `City`) VALUES
('1234', 2610905463, 'george@gmail.com', 'Pantanassis', 34, 'Patra'),
('1234', 698546732, 'panos@gmail.com', 'Î¦ÎµÎ¹Î´Î¯Î¿Ï…', 28, 'Î Î¬Ï„ÏÎ±');

-- --------------------------------------------------------

--
-- Î”Î¿Î¼Î® Ï€Î¯Î½Î±ÎºÎ± Î³Î¹Î± Ï„Î¿Î½ Ï€Î¯Î½Î±ÎºÎ± `delivery`
--

CREATE TABLE `delivery` (
  `Location` point NOT NULL,
  `Available` enum('yes','no') NOT NULL,
  `Kilometers` float NOT NULL DEFAULT '0',
  `Salary` int(30) NOT NULL DEFAULT '0',
  `Username` varchar(30) NOT NULL,
  `Password` varchar(30) NOT NULL,
  `Time_start` time(6) NOT NULL,
  `AFM` varchar(60) NOT NULL,
  `AMKA` varchar(60) NOT NULL,
  `IBAN` varchar(30) NOT NULL,
  `name` varchar(20) NOT NULL,
  `surname` varchar(20) NOT NULL
) ENGINE=InnoDB DEFAULT CHARSET=utf8;

--
-- Î†Î´ÎµÎ¹Î±ÏƒÎ¼Î± Î´ÎµÎ´Î¿Î¼Î­Î½Ï‰Î½ Ï„Î¿Ï… Ï€Î¯Î½Î±ÎºÎ± `delivery`
--

INSERT INTO `delivery` (`Location`, `Available`, `Kilometers`, `Salary`, `Username`, `Password`, `Time_start`, `AFM`, `AMKA`, `IBAN`, `name`, `surname`) VALUES
('\0\0\0\0\0\0\0¼×ÿï!C@ÖO¤ ¾5@', 'no', 22.5, 700, 'deliveras', '1234', '20:31:36.000000', '1345697658', '25476676554', '13245367385348538393534', 'Î§ÏÎ®ÏƒÏ„Î¿Ï‚', 'Î‘Î½Î´ÏÎ­Î¿Ï…'),
('\0\0\0\0\0\0\0:¡ÆslC@°ƒÆ»5@', 'no', 0, 10, 'user1', '1234', '12:08:10.000000', '4679855', '167946789', '12343253464574365523432454', 'Î“Î¹ÏÏÎ³Î¿Ï‚', 'ÎšÎ±ÏÎ±Î³Î¹ÏÏÎ³Î¿Ï‚');

-- --------------------------------------------------------

--
-- Î”Î¿Î¼Î® Ï€Î¯Î½Î±ÎºÎ± Î³Î¹Î± Ï„Î¿Î½ Ï€Î¯Î½Î±ÎºÎ± `manager`
--

CREATE TABLE `manager` (
  `username` varchar(40) NOT NULL,
  `password` varchar(40) NOT NULL,
  `salary` int(40) NOT NULL,
  `name` varchar(40) NOT NULL,
  `surname` varchar(40) NOT NULL,
  `AFM` varchar(60) NOT NULL,
  `AMKA` varchar(60) NOT NULL,
  `IBAN` varchar(30) NOT NULL,
  `Store_name` varchar(40) NOT NULL
) ENGINE=InnoDB DEFAULT CHARSET=utf8;

--
-- Î†Î´ÎµÎ¹Î±ÏƒÎ¼Î± Î´ÎµÎ´Î¿Î¼Î­Î½Ï‰Î½ Ï„Î¿Ï… Ï€Î¯Î½Î±ÎºÎ± `manager`
--

INSERT INTO `manager` (`username`, `password`, `salary`, `name`, `surname`, `AFM`, `AMKA`, `IBAN`, `Store_name`) VALUES
('managerNot', '1234', 0, 'Î“Î¹ÏÏÎ³Î¿Ï‚', 'Î§ÏÎ®ÏƒÏ„Î¿Ï…', '134623467', '5358753453', '754354327653475634676432', 'ÎšÎ±Ï„Î¬ÏƒÏ„Î·Î¼Î± ÎÎ¿Ï„Î±ÏÎ¬');

-- --------------------------------------------------------

--
-- Î”Î¿Î¼Î® Ï€Î¯Î½Î±ÎºÎ± Î³Î¹Î± Ï„Î¿Î½ Ï€Î¯Î½Î±ÎºÎ± `orders`
--

CREATE TABLE `orders` (
  `Ï„Ï…ÏÏŒÏ€Î¹Ï„Î±` smallint(5) NOT NULL,
  `Ï‡Î¿ÏÏ„ÏŒÏ€Î¹Ï„Î±` smallint(5) NOT NULL,
  `Ï„ÏŒÏƒÏ„` smallint(5) NOT NULL,
  `ÎºÎ­Î¹Îº` smallint(5) NOT NULL,
  `ÎºÎ¿Ï…Î»Î¿ÏÏÎ¹` smallint(5) NOT NULL,
  `ÎµÎ»Î»Î·Î½Î¹ÎºÏŒÏ‚` smallint(5) NOT NULL,
  `Ï†ÏÎ±Ï€Î­` smallint(5) NOT NULL,
  `ÎµÏƒÏ€ÏÎ­ÏƒÎ¿` smallint(5) NOT NULL,
  `ÎºÎ±Ï€Î¿Ï…Ï„ÏƒÎ¯Î½Î¿` smallint(5) NOT NULL,
  `Ï†Î¯Î»Ï„ÏÎ¿Ï…` smallint(5) NOT NULL,
  `delivered` tinyint(1) NOT NULL,
  `Store` varchar(20) NOT NULL,
  `Id` int(11) NOT NULL,
  `Deliver` varchar(30) DEFAULT NULL,
  `Customer` varchar(30) NOT NULL,
  `price` float NOT NULL,
  `Year` int(20) NOT NULL DEFAULT '0',
  `Month` int(10) NOT NULL DEFAULT '0',
  `Day` int(5) NOT NULL,
  `Km` int(25) NOT NULL DEFAULT '0'
) ENGINE=InnoDB DEFAULT CHARSET=utf8;

--
-- Î†Î´ÎµÎ¹Î±ÏƒÎ¼Î± Î´ÎµÎ´Î¿Î¼Î­Î½Ï‰Î½ Ï„Î¿Ï… Ï€Î¯Î½Î±ÎºÎ± `orders`
--

INSERT INTO `orders` (`Ï„Ï…ÏÏŒÏ€Î¹Ï„Î±`, `Ï‡Î¿ÏÏ„ÏŒÏ€Î¹Ï„Î±`, `Ï„ÏŒÏƒÏ„`, `ÎºÎ­Î¹Îº`, `ÎºÎ¿Ï…Î»Î¿ÏÏÎ¹`, `ÎµÎ»Î»Î·Î½Î¹ÎºÏŒÏ‚`, `Ï†ÏÎ±Ï€Î­`, `ÎµÏƒÏ€ÏÎ­ÏƒÎ¿`, `ÎºÎ±Ï€Î¿Ï…Ï„ÏƒÎ¯Î½Î¿`, `Ï†Î¯Î»Ï„ÏÎ¿Ï…`, `delivered`, `Store`, `Id`, `Deliver`, `Customer`, `price`, `Year`, `Month`, `Day`, `Km`) VALUES
(1, 1, 1, 0, 1, 1, 1, 1, 0, 0, 1, 'ÎºÏ„ÎµÎ»', 86, 'deliveras', 'panos@gmail.com', 4.2, 2018, 2, 19, 1),
(1, 1, 0, 1, 1, 1, 1, 1, 1, 1, 1, 'physiq', 87, 'user1', 'george@gmail.com', 4.5, 2018, 2, 19, 6),
(1, 1, 0, 0, 0, 1, 1, 1, 0, 0, 1, 'ÎºÏ„ÎµÎ»', 88, 'deliveras', 'panos@gmail.com', 3.4, 2018, 2, 19, 1),
(0, 0, 0, 0, 0, 1, 1, 1, 1, 1, 1, 'ÎºÏ„ÎµÎ»', 89, 'user1', 'george@gmail.com', 3.4, 2018, 2, 19, 8),
(13, 0, 0, 13, 2, 1, 1, 1, 1, 1, 1, 'ÎšÎ±Ï„Î¬ÏƒÏ„Î·Î¼Î± ÎÎ¿Ï„Î±ÏÎ¬', 90, 'deliveras', 'george@gmail.com', 10000, 2018, 2, 19, 1000),
(1, 1, 0, 0, 0, 1, 1, 1, 0, 0, 1, 'ÎºÏ„ÎµÎ»', 91, 'deliveras', 'panos@gmail.com', 1, 2018, 2, 20, 1),
(1, 1, 0, 0, 0, 1, 1, 1, 0, 0, 1, 'ÎºÏ„ÎµÎ»', 94, 'deliveras', 'panos@gmail.com ', 2.3, 2018, 2, 20, 5),
(1, 1, 0, 0, 0, 0, 1, 1, 0, 0, 1, 'physiq', 95, 'deliveras', 'panos@gmail.com', 4.5, 2018, 2, 20, 1),
(1, 1, 0, 0, 0, 0, 0, 0, 0, 0, 1, 'physiq', 96, 'deliveras', 'panos@gmail.com', 2.4, 2018, 2, 20, 2);

-- --------------------------------------------------------

--
-- Î”Î¿Î¼Î® Ï€Î¯Î½Î±ÎºÎ± Î³Î¹Î± Ï„Î¿Î½ Ï€Î¯Î½Î±ÎºÎ± `prices`
--

CREATE TABLE `prices` (
  `price` float NOT NULL DEFAULT '0',
  `id` int(11) NOT NULL,
  `name` varchar(10) CHARACTER SET utf8 NOT NULL
) ENGINE=InnoDB DEFAULT CHARSET=latin1;

--
-- Î†Î´ÎµÎ¹Î±ÏƒÎ¼Î± Î´ÎµÎ´Î¿Î¼Î­Î½Ï‰Î½ Ï„Î¿Ï… Ï€Î¯Î½Î±ÎºÎ± `prices`
--

INSERT INTO `prices` (`price`, `id`, `name`) VALUES
(1, 1, 'Î¤Ï…ÏÏŒÏ€Î¹Ï„Î±'),
(1.4, 2, 'Î§Î¿ÏÏ„ÏŒÏ€Î¹Ï„Î±'),
(1.4, 3, 'ÎšÎ­Î¹Îº'),
(1.2, 4, 'Î¤ÏŒÏƒÏ„'),
(0.7, 5, 'ÎšÎ¿Ï…Î»Î¿ÏÏÎ¹'),
(1.3, 6, 'Î•Î»Î»Î·Î½Î¹ÎºÏŒÏ‚'),
(1, 7, 'Î¦ÏÎ±Ï€Î­'),
(1.1, 8, 'Î•ÏƒÏ€ÏÎ­ÏƒÎ¿'),
(1.2, 9, 'ÎšÎ±Ï€Î¿Ï…Ï„ÏƒÎ¯Î½Î¿'),
(1.1, 10, 'Î¦Î¯Î»Ï„ÏÎ¿Ï…');

-- --------------------------------------------------------

--
-- Î”Î¿Î¼Î® Ï€Î¯Î½Î±ÎºÎ± Î³Î¹Î± Ï„Î¿Î½ Ï€Î¯Î½Î±ÎºÎ± `quantities`
--

CREATE TABLE `quantities` (
  `Store_name` varchar(25) CHARACTER SET utf8 NOT NULL,
  `Ï„Ï…ÏÏŒÏ€Î¹Ï„Î±` int(15) NOT NULL DEFAULT '0',
  `Ï‡Î¿ÏÏ„ÏŒÏ€Î¹Ï„Î±` int(10) NOT NULL DEFAULT '0',
  `ÎºÎ­Î¹Îº` int(15) NOT NULL DEFAULT '0',
  `Ï„Î¿ÏƒÏ„` int(15) NOT NULL DEFAULT '0',
  `ÎºÎ¿Ï…Î»Î¿ÏÏÎ¹` int(15) NOT NULL DEFAULT '0',
  `id` int(11) NOT NULL
) ENGINE=InnoDB DEFAULT CHARSET=latin1;

--
-- Î†Î´ÎµÎ¹Î±ÏƒÎ¼Î± Î´ÎµÎ´Î¿Î¼Î­Î½Ï‰Î½ Ï„Î¿Ï… Ï€Î¯Î½Î±ÎºÎ± `quantities`
--

INSERT INTO `quantities` (`Store_name`, `Ï„Ï…ÏÏŒÏ€Î¹Ï„Î±`, `Ï‡Î¿ÏÏ„ÏŒÏ€Î¹Ï„Î±`, `ÎºÎ­Î¹Îº`, `Ï„Î¿ÏƒÏ„`, `ÎºÎ¿Ï…Î»Î¿ÏÏÎ¹`, `id`) VALUES
('ÎšÎ±Ï„Î¬ÏƒÏ„Î·Î¼Î± ÎÎ¿Ï„Î±ÏÎ¬', 120, 1000, 100, 120, 10000, 1),
('ÎºÏ„ÎµÎ»', 1, 0, 0, 16, 4, 2),
('physiq', 8, 8, 10, 9, 9, 3);

-- --------------------------------------------------------

--
-- Î”Î¿Î¼Î® Ï€Î¯Î½Î±ÎºÎ± Î³Î¹Î± Ï„Î¿Î½ Ï€Î¯Î½Î±ÎºÎ± `store`
--

CREATE TABLE `store` (
  `Store_name` varchar(25) NOT NULL,
  `Address` text NOT NULL,
  `Address_number` int(11) NOT NULL,
  `Location` point NOT NULL,
  `City` varchar(20) NOT NULL
) ENGINE=InnoDB DEFAULT CHARSET=utf8;

--
-- Î†Î´ÎµÎ¹Î±ÏƒÎ¼Î± Î´ÎµÎ´Î¿Î¼Î­Î½Ï‰Î½ Ï„Î¿Ï… Ï€Î¯Î½Î±ÎºÎ± `store`
--

INSERT INTO `store` (`Store_name`, `Address`, `Address_number`, `Location`, `City`) VALUES
('physiq', 'ÎœÎµÎ¹Î»Î¯Ï‡Î¿Ï…', 54, '\0\0\0\0\0\0\0G ^×/\"C@DàH Á¾5@', 'Î Î¬Ï„ÏÎ±'),
('ÎšÎ±Ï„Î¬ÏƒÏ„Î·Î¼Î± ÎÎ¿Ï„Î±ÏÎ¬', 'ÎÎ¿Ï„Î±ÏÎ¬', 25, '\0\0\0\0\0\0\0$ğ‡Ÿÿ C@í*¤ü¤¾5@', 'Î Î¬Ï„ÏÎ±'),
('ÎºÏ„ÎµÎ»', 'Î–Î±Î¯Î¼Î·', 2, '\0\0\0\0\0\0\0Âˆ}( C@ĞECÆ£¼5@', 'Î Î¬Ï„ÏÎ±');

-- --------------------------------------------------------

--
-- Î”Î¿Î¼Î® Ï€Î¯Î½Î±ÎºÎ± Î³Î¹Î± Ï„Î¿Î½ Ï€Î¯Î½Î±ÎºÎ± `work_hours`
--

CREATE TABLE `work_hours` (
  `Deliver` varchar(20) NOT NULL,
  `Hours` int(10) NOT NULL DEFAULT '0',
  `Day` int(10) NOT NULL,
  `Month` int(10) NOT NULL,
  `Year` int(15) NOT NULL,
  `id` int(30) NOT NULL,
  `Routes` int(20) NOT NULL DEFAULT '0'
) ENGINE=InnoDB DEFAULT CHARSET=utf8;

--
-- Î†Î´ÎµÎ¹Î±ÏƒÎ¼Î± Î´ÎµÎ´Î¿Î¼Î­Î½Ï‰Î½ Ï„Î¿Ï… Ï€Î¯Î½Î±ÎºÎ± `work_hours`
--

INSERT INTO `work_hours` (`Deliver`, `Hours`, `Day`, `Month`, `Year`, `id`, `Routes`) VALUES
('user1', 13, 19, 2, 2018, 7, 0),
('deliveras', 4, 19, 2, 2018, 9, 0),
('user1', 23, 20, 2, 2018, 10, 0),
('deliveras', 38, 20, 2, 2018, 11, 3);

--
-- Î•Ï…ÏÎµÏ„Î®ÏÎ¹Î± Î³Î¹Î± Î¬Ï‡ÏÎ·ÏƒÏ„Î¿Ï…Ï‚ Ï€Î¯Î½Î±ÎºÎµÏ‚
--

--
-- Î•Ï…ÏÎµÏ„Î®ÏÎ¹Î± Î³Î¹Î± Ï€Î¯Î½Î±ÎºÎ± `customer`
--
ALTER TABLE `customer`
  ADD PRIMARY KEY (`email`);

--
-- Î•Ï…ÏÎµÏ„Î®ÏÎ¹Î± Î³Î¹Î± Ï€Î¯Î½Î±ÎºÎ± `delivery`
--
ALTER TABLE `delivery`
  ADD PRIMARY KEY (`Username`);

--
-- Î•Ï…ÏÎµÏ„Î®ÏÎ¹Î± Î³Î¹Î± Ï€Î¯Î½Î±ÎºÎ± `manager`
--
ALTER TABLE `manager`
  ADD PRIMARY KEY (`AFM`),
  ADD UNIQUE KEY `Store` (`Store_name`),
  ADD KEY `Store_name` (`Store_name`),
  ADD KEY `Store_2` (`Store_name`),
  ADD KEY `Store_name_2` (`Store_name`);

--
-- Î•Ï…ÏÎµÏ„Î®ÏÎ¹Î± Î³Î¹Î± Ï€Î¯Î½Î±ÎºÎ± `orders`
--
ALTER TABLE `orders`
  ADD PRIMARY KEY (`Id`),
  ADD KEY `store` (`Store`),
  ADD KEY `assignment` (`Deliver`),
  ADD KEY `Customer` (`Customer`);

--
-- Î•Ï…ÏÎµÏ„Î®ÏÎ¹Î± Î³Î¹Î± Ï€Î¯Î½Î±ÎºÎ± `prices`
--
ALTER TABLE `prices`
  ADD PRIMARY KEY (`id`);

--
-- Î•Ï…ÏÎµÏ„Î®ÏÎ¹Î± Î³Î¹Î± Ï€Î¯Î½Î±ÎºÎ± `quantities`
--
ALTER TABLE `quantities`
  ADD PRIMARY KEY (`id`),
  ADD KEY `Store_name` (`Store_name`),
  ADD KEY `Store_name_2` (`Store_name`);

--
-- Î•Ï…ÏÎµÏ„Î®ÏÎ¹Î± Î³Î¹Î± Ï€Î¯Î½Î±ÎºÎ± `store`
--
ALTER TABLE `store`
  ADD PRIMARY KEY (`Store_name`);

--
-- Î•Ï…ÏÎµÏ„Î®ÏÎ¹Î± Î³Î¹Î± Ï€Î¯Î½Î±ÎºÎ± `work_hours`
--
ALTER TABLE `work_hours`
  ADD PRIMARY KEY (`id`),
  ADD KEY `Deliver` (`Deliver`);

--
-- AUTO_INCREMENT Î³Î¹Î± Î¬Ï‡ÏÎ·ÏƒÏ„Î¿Ï…Ï‚ Ï€Î¯Î½Î±ÎºÎµÏ‚
--

--
-- AUTO_INCREMENT Î³Î¹Î± Ï€Î¯Î½Î±ÎºÎ± `orders`
--
ALTER TABLE `orders`
  MODIFY `Id` int(11) NOT NULL AUTO_INCREMENT, AUTO_INCREMENT=97;

--
-- AUTO_INCREMENT Î³Î¹Î± Ï€Î¯Î½Î±ÎºÎ± `prices`
--
ALTER TABLE `prices`
  MODIFY `id` int(11) NOT NULL AUTO_INCREMENT, AUTO_INCREMENT=11;

--
-- AUTO_INCREMENT Î³Î¹Î± Ï€Î¯Î½Î±ÎºÎ± `quantities`
--
ALTER TABLE `quantities`
  MODIFY `id` int(11) NOT NULL AUTO_INCREMENT, AUTO_INCREMENT=4;

--
-- AUTO_INCREMENT Î³Î¹Î± Ï€Î¯Î½Î±ÎºÎ± `work_hours`
--
ALTER TABLE `work_hours`
  MODIFY `id` int(30) NOT NULL AUTO_INCREMENT, AUTO_INCREMENT=12;

--
-- Î ÎµÏÎ¹Î¿ÏÎ¹ÏƒÎ¼Î¿Î¯ Î³Î¹Î± Î¬Ï‡ÏÎ·ÏƒÏ„Î¿Ï…Ï‚ Ï€Î¯Î½Î±ÎºÎµÏ‚
--

--
-- Î ÎµÏÎ¹Î¿ÏÎ¹ÏƒÎ¼Î¿Î¯ Î³Î¹Î± Ï€Î¯Î½Î±ÎºÎ± `manager`
--
ALTER TABLE `manager`
  ADD CONSTRAINT `Cancer` FOREIGN KEY (`Store_name`) REFERENCES `store` (`Store_name`) ON DELETE CASCADE ON UPDATE CASCADE;

--
-- Î ÎµÏÎ¹Î¿ÏÎ¹ÏƒÎ¼Î¿Î¯ Î³Î¹Î± Ï€Î¯Î½Î±ÎºÎ± `orders`
--
ALTER TABLE `orders`
  ADD CONSTRAINT `Customer` FOREIGN KEY (`Customer`) REFERENCES `customer` (`email`) ON DELETE CASCADE ON UPDATE CASCADE,
  ADD CONSTRAINT `Employee` FOREIGN KEY (`Deliver`) REFERENCES `delivery` (`Username`),
  ADD CONSTRAINT `Store` FOREIGN KEY (`Store`) REFERENCES `store` (`Store_name`);

--
-- Î ÎµÏÎ¹Î¿ÏÎ¹ÏƒÎ¼Î¿Î¯ Î³Î¹Î± Ï€Î¯Î½Î±ÎºÎ± `quantities`
--
ALTER TABLE `quantities`
  ADD CONSTRAINT `store_quantity` FOREIGN KEY (`Store_name`) REFERENCES `store` (`Store_name`) ON DELETE CASCADE ON UPDATE CASCADE;

--
-- Î ÎµÏÎ¹Î¿ÏÎ¹ÏƒÎ¼Î¿Î¯ Î³Î¹Î± Ï€Î¯Î½Î±ÎºÎ± `work_hours`
--
ALTER TABLE `work_hours`
  ADD CONSTRAINT `Deliveras` FOREIGN KEY (`Deliver`) REFERENCES `delivery` (`Username`) ON DELETE CASCADE ON UPDATE CASCADE;
COMMIT;

/*!40101 SET CHARACTER_SET_CLIENT=@OLD_CHARACTER_SET_CLIENT */;
/*!40101 SET CHARACTER_SET_RESULTS=@OLD_CHARACTER_SET_RESULTS */;
/*!40101 SET COLLATION_CONNECTION=@OLD_COLLATION_CONNECTION */;
